{
	"bpm": 80.0,
	"duration": 98.429387755102,
	"hop_seconds": 0.01,
	"phase_offset": 0.69140625,
	"beats": [
		0.69140625,
		1.44140625,
		2.19140625,
		2.94140625,
		3.69140625,
		4.44140625,
		5.19140625,
		5.94140625,
		6.69140625,
		7.44140625,
		8.19140625,
		8.94140625,
		9.69140625,
		10.44140625,
		11.19140625,
		11.94140625,
		12.69140625,
		13.44140625,
		14.19140625,
		14.94140625,
		15.69140625,
		16.44140625,
		17.19140625,
		17.94140625,
		18.69140625,
		19.44140625,
		20.19140625,
		20.94140625,
		21.69140625,
		22.44140625,
		23.19140625,
		23.94140625,
		24.69140625,
		25.44140625,
		26.19140625,
		26.94140625,
		27.69140625,
		28.44140625,
		29.19140625,
		29.94140625,
		30.69140625,
		31.44140625,
		32.19140625,
		32.94140625,
		33.69140625,
		34.44140625,
		35.19140625,
		35.94140625,
		36.69140625,
		37.44140625,
		38.19140625,
		38.94140625,
		39.69140625,
		40.44140625,
		41.19140625,
		41.94140625,
		42.69140625,
		43.44140625,
		44.19140625,
		44.94140625,
		45.69140625,
		46.44140625,
		47.19140625,
		47.94140625,
		48.69140625,
		49.44140625,
		50.19140625,
		50.94140625,
		51.69140625,
		52.44140625,
		53.19140625,
		53.94140625,
		54.69140625,
		55.44140625,
		56.19140625,
		56.94140625,
		57.69140625,
		58.44140625,
		59.19140625,
		59.94140625,
		60.69140625,
		61.44140625,
		62.19140625,
		62.94140625,
		63.69140625,
		64.44140625,
		65.19140625,
		65.94140625,
		66.69140625,
		67.44140625,
		68.19140625,
		68.94140625,
		69.69140625,
		70.44140625,
		71.19140625,
		71.94140625,
		72.69140625,
		73.44140625,
		74.19140625,
		74.94140625,
		75.69140625,
		76.44140625,
		77.19140625,
		77.94140625,
		78.69140625,
		79.44140625,
		80.19140625,
		80.94140625,
		81.69140625,
		82.44140625,
		83.19140625,
		83.94140625,
		84.69140625,
		85.44140625,
		86.19140625,
		86.94140625,
		87.69140625,
		88.44140625,
		89.19140625,
		89.94140625,
		90.69140625,
		91.44140625,
		92.19140625,
		92.94140625,
		93.69140625,
		94.44140625,
		95.19140625,
		95.94140625,
		96.69140625,
		97.44140625,
		98.19140625
	],
	"onsets": [
		0.109999999403954,
		0.310000002384186,
		0.730000019073486,
		0.879999995231628,
		1.46000003814697,
		2.20000004768372,
		2.90000009536743,
		3.27999997138977,
		3.65000009536743,
		3.75,
		3.84999990463257,
		4.01000022888184,
		4.40999984741211,
		5.51999998092651,
		5.90999984741211,
		6.07999992370605,
		6.6399998664856,
		6.80000019073486,
		6.92999982833862,
		7.0,
		7.34000015258789,
		7.73000001907349,
		8.10000038146973,
		8.1899995803833,
		8.30000019073486,
		8.47999954223633,
		8.65999984741211,
		8.78999996185303,
		8.98999977111816,
		9.82999992370605,
		10.3500003814697,
		10.4300003051758,
		10.5200004577637,
		10.5900001525879,
		10.7299995422363,
		11.0799999237061,
		11.3199996948242,
		11.4700002670288,
		11.9399995803833,
		12.3800001144409,
		12.6000003814697,
		12.7399997711182,
		13.3299999237061,
		13.3900003433228,
		13.6899995803833,
		13.7600002288818,
		14.0600004196167,
		14.4200000762939,
		14.789999961853,
		15.1599998474121,
		15.5600004196167,
		15.710000038147,
		16.0699996948242,
		16.2900009155273,
		16.3600006103516,
		16.4799995422363,
		16.6599998474121,
		17.0499992370605,
		17.1299991607666,
		17.4300003051758,
		17.9400005340576,
		18.1200008392334,
		18.5100002288818,
		18.6800003051758,
		18.9099998474121,
		19.1800003051758,
		19.2700004577637,
		19.6599998474121,
		20.0,
		20.1499996185303,
		20.3500003814697,
		20.7099990844727,
		21.1299991607666,
		21.5,
		21.8500003814697,
		22.6800003051758,
		24.9400005340576,
		25.4599990844727,
		25.7099990844727,
		25.7700004577637,
		26.0499992370605,
		26.6100006103516,
		26.8099994659424,
		27.5100002288818,
		27.6299991607666,
		28.2600002288818,
		28.3899993896484,
		28.5499992370605,
		28.6299991607666,
		28.6900005340576,
		28.7700004577637,
		29.0,
		29.0799999237061,
		29.3400001525879,
		29.4899997711182,
		29.75,
		29.9699993133545,
		30.0699996948242,
		30.2299995422363,
		30.4500007629395,
		30.5799999237061,
		31.0,
		31.2000007629395,
		31.5699996948242,
		31.9500007629395,
		32.0400009155273,
		32.1300010681152,
		32.3899993896484,
		32.4599990844727,
		32.6599998474121,
		33.0400009155273,
		33.2099990844727,
		33.4099998474121,
		33.9700012207031,
		34.189998626709,
		34.5299987792969,
		34.9099998474121,
		35.1100006103516,
		35.3199996948242,
		36.0299987792969,
		36.1199989318848,
		36.2099990844727,
		36.3300018310547,
		36.4199981689453,
		36.5099983215332,
		36.7700004577637,
		36.8300018310547,
		37.1599998474121,
		37.9000015258789,
		38.0900001525879,
		38.2799987792969,
		38.6199989318848,
		38.9799995422363,
		39.3699989318848,
		39.75,
		39.8899993896484,
		40.0800018310547,
		40.2200012207031,
		40.3600006103516,
		40.439998626709,
		40.7599983215332,
		40.8699989318848,
		41.2000007629395,
		41.2799987792969,
		41.3400001525879,
		41.560001373291,
		41.7900009155273,
		41.9300003051758,
		42.689998626709,
		42.8199996948242,
		42.8899993896484,
		43.0299987792969,
		43.75,
		43.9199981689453,
		44.0999984741211,
		44.3699989318848,
		44.4799995422363,
		44.8300018310547,
		45.0999984741211,
		45.2400016784668,
		45.9700012207031,
		46.3600006103516,
		46.4300003051758,
		46.5200004577637,
		46.75,
		47.1500015258789,
		48.2700004577637,
		48.5699996948242,
		49.1300010681152,
		49.3199996948242,
		49.8800010681152,
		50.0999984741211,
		51.439998626709,
		51.6500015258789,
		52.2099990844727,
		52.9599990844727,
		53.9099998474121,
		54.4599990844727,
		55.2099990844727,
		55.2700004577637,
		55.8800010681152,
		56.0699996948242,
		56.2400016784668,
		56.8300018310547,
		57.189998626709,
		57.939998626709,
		58.3600006103516,
		58.7400016784668,
		59.939998626709,
		60.439998626709,
		60.5,
		60.7099990844727,
		61.0499992370605,
		61.2099990844727,
		61.2700004577637,
		61.3400001525879,
		61.4000015258789,
		61.4700012207031,
		61.810001373291,
		62.1599998474121,
		62.560001373291,
		63.310001373291,
		63.4199981689453,
		63.5,
		63.6800003051758,
		63.8600006103516,
		64.0500030517578,
		64.1699981689453,
		64.2699966430664,
		64.8000030517578,
		65.0199966430664,
		65.0800018310547,
		65.1600036621094,
		65.25,
		65.5699996948242,
		65.6999969482422,
		65.9000015258789,
		65.9700012207031,
		66.2799987792969,
		66.4499969482422,
		66.5699996948242,
		66.6600036621094,
		67.0100021362305,
		67.379997253418,
		67.4499969482422,
		67.75,
		67.9199981689453,
		68.1999969482422,
		68.4899978637695,
		68.8899993896484,
		69.0800018310547,
		69.4700012207031,
		69.7300033569336,
		70.0699996948242,
		70.8199996948242,
		71.0100021362305,
		71.2200012207031,
		72.1600036621094,
		72.4100036621094,
		72.5199966430664,
		72.629997253418,
		72.6900024414062,
		72.8000030517578,
		72.9599990844727,
		73.0299987792969,
		73.3300018310547,
		73.4300003051758,
		73.5400009155273,
		73.7300033569336,
		73.879997253418,
		74.0699996948242,
		74.1999969482422,
		74.3300018310547,
		74.4599990844727,
		74.6100006103516,
		74.8399963378906,
		74.9899978637695,
		75.0999984741211,
		75.2399978637695,
		75.3199996948242,
		75.8399963378906,
		76.0,
		76.1100006103516,
		76.1999969482422,
		76.4000015258789,
		76.4899978637695,
		76.7799987792969,
		77.1399993896484,
		77.3300018310547,
		77.5100021362305,
		78.0699996948242,
		78.3600006103516,
		78.6999969482422,
		78.8300018310547,
		79.0100021362305,
		79.0999984741211,
		79.4400024414062,
		79.8300018310547,
		80.2099990844727,
		80.3399963378906,
		80.7600021362305,
		80.9499969482422,
		81.1100006103516,
		81.3099975585938,
		81.379997253418,
		81.7699966430664,
		81.9199981689453,
		82.0999984741211,
		82.1600036621094,
		82.2600021362305,
		82.7099990844727,
		83.2300033569336,
		83.4400024414062,
		83.6100006103516,
		83.75,
		83.8899993896484,
		83.9899978637695,
		84.0999984741211,
		84.1600036621094,
		84.4300003051758,
		84.8499984741211,
		85.2600021362305,
		85.4800033569336,
		85.629997253418,
		85.7799987792969,
		85.8499984741211,
