{
	"bpm": 84.5070422535211,
	"duration": 99.9573333333333,
	"hop_seconds": 0.01,
	"phase_offset": 0.52140625,
	"beats": [
		0.52140625,
		1.23140625,
		1.94140625,
		2.65140625,
		3.36140625,
		4.07140625,
		4.78140625,
		5.49140625,
		6.20140625,
		6.91140625,
		7.62140625,
		8.33140625,
		9.04140625,
		9.75140625,
		10.46140625,
		11.17140625,
		11.88140625,
		12.59140625,
		13.30140625,
		14.01140625,
		14.72140625,
		15.43140625,
		16.14140625,
		16.85140625,
		17.56140625,
		18.27140625,
		18.98140625,
		19.69140625,
		20.40140625,
		21.11140625,
		21.82140625,
		22.53140625,
		23.24140625,
		23.95140625,
		24.66140625,
		25.37140625,
		26.08140625,
		26.79140625,
		27.50140625,
		28.21140625,
		28.92140625,
		29.63140625,
		30.34140625,
		31.05140625,
		31.76140625,
		32.47140625,
		33.18140625,
		33.89140625,
		34.60140625,
		35.31140625,
		36.02140625,
		36.73140625,
		37.44140625,
		38.15140625,
		38.86140625,
		39.57140625,
		40.28140625,
		40.99140625,
		41.70140625,
		42.41140625,
		43.12140625,
		43.83140625,
		44.54140625,
		45.25140625,
		45.96140625,
		46.67140625,
		47.38140625,
		48.09140625,
		48.80140625,
		49.5114062500001,
		50.2214062500001,
		50.9314062500001,
		51.6414062500001,
		52.3514062500001,
		53.0614062500001,
		53.7714062500001,
		54.4814062500001,
		55.1914062500001,
		55.9014062500001,
		56.6114062500001,
		57.3214062500001,
		58.0314062500001,
		58.7414062500001,
		59.4514062500001,
		60.1614062500001,
		60.8714062500001,
		61.5814062500001,
		62.2914062500001,
		63.0014062500001,
		63.7114062500001,
		64.4214062500001,
		65.1314062500001,
		65.84140625,
		66.55140625,
		67.26140625,
		67.97140625,
		68.68140625,
		69.39140625,
		70.10140625,
		70.81140625,
		71.52140625,
		72.23140625,
		72.94140625,
		73.65140625,
		74.36140625,
		75.07140625,
		75.78140625,
		76.49140625,
		77.2014062499999,
		77.9114062499999,
		78.6214062499999,
		79.3314062499999,
		80.0414062499999,
		80.7514062499999,
		81.4614062499999,
		82.1714062499999,
		82.8814062499999,
		83.5914062499999,
		84.3014062499999,
		85.0114062499999,
		85.7214062499999,
		86.4314062499999,
		87.1414062499999,
		87.8514062499999,
		88.5614062499998,
		89.2714062499998,
		89.9814062499998,
		90.6914062499998,
		91.4014062499998,
		92.1114062499998,
		92.8214062499998,
		93.5314062499998,
		94.2414062499998,
		94.9514062499998,
		95.6614062499998,
		96.3714062499998,
		97.0814062499998,
		97.7914062499998,
		98.5014062499998,
		99.2114062499998,
		99.9214062499997
	],
	"onsets": [
		0.0799999982118607,
		0.439999997615814,
		0.800000011920929,
		0.970000028610229,
		1.13999998569489,
		1.87000000476837,
		2.24000000953674,
		3.27999997138977,
		3.64000010490417,
		3.82999992370605,
		4.01000022888184,
		5.80000019073486,
		6.15000009536743,
		6.67999982833862,
		6.86999988555908,
		7.23000001907349,
		7.96000003814697,
		9.0,
		9.35999965667725,
		9.67000007629395,
		9.73999977111816,
		10.8000001907349,
		12.5799999237061,
		12.9200000762939,
		13.3000001907349,
		13.6599998474121,
		14.0299997329712,
		14.4700002670288,
		14.539999961853,
		14.7399997711182,
		15.0,
		15.1300001144409,
		15.4499998092651,
		15.960000038147,
		16.1499996185303,
		16.5,
		16.8600006103516,
		17.4200000762939,
		17.5100002288818,
		17.6100006103516,
		18.2999992370605,
		18.6399993896484,
		18.8500003814697,
		19.0,
		19.3700008392334,
		19.7299995422363,
		20.2099990844727,
		20.4799995422363,
		20.5400009155273,
		20.6100006103516,
		20.7000007629395,
		21.0599994659424,
		21.1599998474121,
		21.5,
		21.8600006103516,
		22.1499996185303,
		22.2700004577637,
		22.3600006103516,
		22.6299991607666,
		22.9400005340576,
		23.2900009155273,
		23.6499996185303,
		24.0100002288818,
		24.1299991607666,
		24.3999996185303,
		24.7199993133545,
		25.1000003814697,
		25.2900009155273,
		25.6399993896484,
		26.0100002288818,
		26.3299999237061,
		26.8799991607666,
		27.2199993133545,
		28.0499992370605,
		28.1700000762939,
		28.2999992370605,
		28.4899997711182,
		28.6700000762939,
		29.0,
		29.3600006103516,
		29.5499992370605,
		29.7199993133545,
		29.8999996185303,
		30.0900001525879,
		30.4400005340576,
		30.5300006866455,
		30.8099994659424,
		30.9099998474121,
		30.9899997711182,
		31.8700008392334,
		32.0800018310547,
		32.2299995422363,
		32.5900001525879,
		33.1300010681152,
		33.4900016784668,
		33.6599998474121,
		37.2299995422363,
		37.3400001525879,
		37.4900016784668,
		37.5800018310547,
		37.6500015258789,
		37.7200012207031,
		37.8300018310547,
		37.9300003051758,
		38.0900001525879,
		38.1599998474121,
		38.2900009155273,
		38.6800003051758,
		39.0,
		39.3899993896484,
		39.7200012207031,
		40.0699996948242,
		40.6199989318848,
		41.1500015258789,
		41.8499984741211,
		42.0499992370605,
		42.2299995422363,
		42.7999992370605,
		42.9300003051758,
		43.2900009155273,
		43.6500015258789,
		43.8400001525879,
		44.0200004577637,
		44.2000007629395,
		44.3499984741211,
		44.4500007629395,
		44.6199989318848,
		44.7200012207031,
		45.0900001525879,
		45.4300003051758,
		45.7999992370605,
		46.1500015258789,
		46.3499984741211,
		46.5099983215332,
		46.7099990844727,
		47.5699996948242,
		47.75,
		47.9500007629395,
		48.060001373291,
		48.4000015258789,
		48.6500015258789,
		48.7700004577637,
		48.8600006103516,
		49.0200004577637,
		49.3699989318848,
		49.7299995422363,
		50.4300003051758,
		50.7900009155273,
		51.8499984741211,
		52.0499992370605,
		52.2099990844727,
		52.4599990844727,
		52.6100006103516,
		52.8199996948242,
		52.9599990844727,
		53.0499992370605,
		53.2999992370605,
		53.4700012207031,
		53.6500015258789,
		54.0,
		54.2400016784668,
		54.3600006103516,
		54.7400016784668,
		55.0200004577637,
		55.4599990844727,
		56.1500015258789,
		56.3300018310547,
		56.5099983215332,
		56.7099990844727,
		56.8400001525879,
		56.9500007629395,
		57.0800018310547,
		57.25,
		57.4700012207031,
		57.5699996948242,
		57.689998626709,
		57.75,
		57.9300003051758,
		58.1100006103516,
		58.2999992370605,
		58.8600006103516,
		59.0,
		59.1800003051758,
		59.3699989318848,
		59.6399993896484,
		59.7299995422363,
		59.9000015258789,
		60.0800018310547,
		60.1599998474121,
		60.25,
		60.439998626709,
		60.6199989318848,
		60.810001373291,
		60.9199981689453,
		61.1500015258789,
		61.8600006103516,
		62.0400009155273,
		62.2299995422363,
		62.7900009155273,
		62.939998626709,
		63.1199989318848,
		63.4700012207031,
		63.6399993896484,
		63.8300018310547,
		64.0500030517578,
		64.5100021362305,
		64.5800018310547,
		65.0999984741211,
		65.2300033569336,
		65.4400024414062,
		65.5699996948242,
		65.8000030517578,
		66.1500015258789,
		66.5100021362305,
		66.6900024414062,
		66.870002746582,
		67.2200012207031,
		67.5699996948242,
		67.75,
		67.9400024414062,
		68.2900009155273,
		68.6500015258789,
		69.0,
		69.1399993896484,
		69.4700012207031,
		69.5599975585938,
		69.7399978637695,
		70.0899963378906,
		70.4300003051758,
		70.8000030517578,
		71.5100021362305,
		71.6500015258789,
		71.870002746582,
		72.1500015258789,
		72.2200012207031,
		72.4100036621094,
		72.5800018310547,
		72.9000015258789,
		73.2900009155273,
		73.4700012207031,
		73.6500015258789,
		74.2900009155273,
		74.3600006103516,
		74.7200012207031,
		74.8199996948242,
		75.0699996948242,
		75.2799987792969,
		75.7900009155273,
		75.9000015258789,
		76.0599975585938,
		76.2600021362305,
		76.4100036621094,
		76.5199966430664,
		76.9899978637695,
		77.2399978637695,
		77.4700012207031,
		77.5699996948242,
		77.7799987792969,
		78.0699996948242,
		78.3199996948242,
		79.120002746582,
		79.7200012207031,
		79.8000030517578,
		80.0800018310547,
		80.4300003051758,
		80.7900009155273,
		81.1500015258789,
		81.2200012207031,
		83.6500015258789,
		84.0100021362305,
		84.5500030517578,
		85.8099975585938,
		85.879997253418,
		85.9700012207031,
		86.1500015258789,
		86.3499984741211,
		86.6900024414062,
		86.879997253418,
		87.2300033569336,
		87.4000015258789,
		87.5699996948242,
		87.9499969482422,
		88.120002746582,
